{
  "node_id": [
    0,
    1,
    2,
    3,
    4,
    5,
    6,
    7,
    8,
    9,
    10,
    11,
    12,
    13,
    14,
    15,
    16,
    17,
    18,
    19,
    20,
    21,
    22,
    23,
    24,
    25,
    26,
    27,
    28,
    29,
    30,
    31,
    32,
    33,
    34,
    35,
    36,
    37,
    38,
    39,
    40,
    41,
    42,
    43,
    44,
    45,
    46,
    47,
    48,
    49,
    50,
    51,
    52,
    53,
    54,
    55,
    56,
    57,
    58,
    59,
    60,
    61,
    62,
    63,
    64,
    65,
    66,
    67,
    68,
    69,
    70,
    71,
    72,
    73,
    74,
    75,
    76,
    77,
    78,
    79,
    80,
    81,
    82,
    83,
    84,
    85,
    86,
    87,
    88,
    89,
    90,
    91,
    92,
    93,
    94,
    95,
    96,
    97,
    98,
    99
  ],
  "fraud_probability": [
    0.0049620382487773895,
    0.0014670602977275848,
    0.004688986577093601,
    1.6649903045617975e-05,
    0.00019737255934160203,
    0.00013250815391074866,
    9.914053225656971e-05,
    0.00011409405851736665,
    1.9910996797989355e-06,
    0.9981850981712341,
    1.4566968275175896e-05,
    0.00013816669525112957,
    1.3619737728731707e-06,
    0.0003510396636556834,
    4.988849013898289e-06,
    0.00010411500988993794,
    0.0017519332468509674,
    2.2299175270745764e-06,
    0.0024441960267722607,
    0.0030878563411533833,
    6.037898128852248e-05,
    4.2705698433564976e-05,
    1.8887929400079884e-05,
    4.447170067578554e-05,
    0.00014973957149777561,
    0.0037641366943717003,
    1.4004414879309479e-05,
    8.837583891363465e-07,
    6.676877819700167e-05,
    1.3799372027278878e-05,
    0.00012820858682971448,
    0.0007564552361145616,
    8.121904829749838e-05,
    3.3187100143550197e-06,
    0.011931086890399456,
    3.2268030736304354e-07,
    6.603370366065064e-07,
    0.0009785514557734132,
    1.6830414097057655e-05,
    1.4716507621415076e-06,
    0.0006370267947204411,
    7.976180313562509e-06,
    0.00027420921833254397,
    0.00014075050421524793,
    2.638230114371254e-07,
    0.004059181548655033,
    0.0001589329185662791,
    8.739592885831371e-06,
    7.434366011693783e-07,
    0.01699054054915905,
    0.001146694179624319,
    0.0002298439503647387,
    0.00032612596987746656,
    0.00019210866594221443,
    8.988427907752339e-06,
    0.0005520586273632944,
    2.70546388492221e-06,
    0.00021817877131979913,
    7.243539101864371e-08,
    4.447695755516179e-05,
    8.19623346615117e-06,
    3.7467498259502463e-07,
    0.0011076059890910983,
    0.01787065528333187,
    0.0002997172996401787,
    0.0015620089834555984,
    5.621282639367564e-07,
    0.00013894762378185987,
    1.3826343092659954e-06,
    9.12605319172144e-05,
    0.0005622958997264504,
    1.8561789261184458e-07,
    3.991669018432731e-06,
    0.0002705515653360635,
    0.00017312559066340327,
    1.344502015854232e-05,
    0.0013304041931405663,
    0.9998579025268555,
    6.727560503350105e-06,
    0.0007820128812454641,
    0.0002742816577665508,
    0.9984180927276611,
    0.9997851252555847,
    7.003286100371042e-06,
    0.00010398839367553592,
    1.2744817468046676e-07,
    1.8465407265466638e-05,
    0.9991484880447388,
    3.485185152385384e-05,
    8.119399353745393e-06,
    4.521542723523453e-05,
    1.3783201211481355e-06,
    0.0003436378901824355,
    0.00037452371907420456,
    0.0001701836008578539,
    0.00013306306209415197,
    0.013858106918632984,
    7.2569741860206705e-06,
    1.54762456077151e-05,
    1.9681503999890992e-06
  ],
  "true_label": [
    0,
    0,
    0,
    0,
    0,
    0,
    0,
    0,
    0,
    1,
    0,
    0,
    0,
    0,
    0,
    0,
    0,
    0,
    0,
    0,
    0,
    0,
    0,
    0,
    0,
    0,
    0,
    0,
    0,
    0,
    0,
    0,
    0,
    0,
    0,
    0,
    0,
    0,
    0,
    0,
    0,
    0,
    0,
    0,
    0,
    0,
    0,
    0,
    0,
    0,
    0,
    0,
    0,
    0,
    0,
    0,
    0,
    0,
    0,
    0,
    0,
    0,
    0,
    0,
    0,
    0,
    0,
    0,
    0,
    0,
    0,
    0,
    0,
    0,
    0,
    0,
    0,
    1,
    0,
    0,
    0,
    1,
    1,
    0,
    0,
    0,
    0,
    1,
    0,
    0,
    0,
    0,
    0,
    0,
    0,
    0,
    0,
    0,
    0,
    0
  ],
  "predicted_label": [
    0,
    0,
    0,
    0,
    0,
    0,
    0,
    0,
    0,
    1,
    0,
    0,
    0,
    0,
    0,
    0,
    0,
    0,
    0,
    0,
    0,
    0,
    0,
    0,
    0,
    0,
    0,
    0,
    0,
    0,
    0,
    0,
    0,
    0,
    0,
    0,
    0,
    0,
    0,
    0,
    0,
    0,
    0,
    0,
    0,
    0,
    0,
    0,
    0,
    0,
    0,
    0,
    0,
    0,
    0,
    0,
    0,
    0,
    0,
    0,
    0,
    0,
    0,
    0,
    0,
    0,
    0,
    0,
    0,
    0,
    0,
    0,
    0,
    0,
    0,
    0,
    0,
    1,
    0,
    0,
    0,
    1,
    1,
    0,
    0,
    0,
    0,
    1,
    0,
    0,
    0,
    0,
    0,
    0,
    0,
    0,
    0,
    0,
    0,
    0
  ]
}