{
  "node_id": [
    0,
    1,
    2,
    3,
    4,
    5,
    6,
    7,
    8,
    9,
    10,
    11,
    12,
    13,
    14,
    15,
    16,
    17,
    18,
    19,
    20,
    21,
    22,
    23,
    24,
    25,
    26,
    27,
    28,
    29,
    30,
    31,
    32,
    33,
    34,
    35,
    36,
    37,
    38,
    39,
    40,
    41,
    42,
    43,
    44,
    45,
    46,
    47,
    48,
    49,
    50,
    51,
    52,
    53,
    54,
    55,
    56,
    57,
    58,
    59,
    60,
    61,
    62,
    63,
    64,
    65,
    66,
    67,
    68,
    69,
    70,
    71,
    72,
    73,
    74,
    75,
    76,
    77,
    78,
    79,
    80,
    81,
    82,
    83,
    84,
    85,
    86,
    87,
    88,
    89,
    90,
    91,
    92,
    93,
    94,
    95,
    96,
    97,
    98,
    99
  ],
  "fraud_probability": [
    0.0010339985601603985,
    0.0007505827234126627,
    0.0017622882733121514,
    1.0627105439198203e-05,
    4.979649020242505e-05,
    0.0003116076404694468,
    0.0002705781371332705,
    5.817300916532986e-06,
    1.5411932281494956e-06,
    0.9988693594932556,
    1.6336962289642543e-05,
    4.976278432877734e-05,
    2.5296424155385466e-07,
    8.37076804600656e-05,
    1.4526341374221374e-06,
    2.0299361494835466e-05,
    0.0012584180803969502,
    3.382860427336709e-07,
    0.006470171734690666,
    0.0014270981773734093,
    1.5641122445231304e-05,
    2.868399315048009e-05,
    1.8850652168111992e-06,
    1.4491839465335943e-05,
    0.00010750196088338271,
    0.00347954616881907,
    2.5057317998289363e-06,
    1.5480996751193743e-07,
    1.9811057427432388e-05,
    3.681213684103568e-06,
    0.00012452191731426865,
    0.0005773128941655159,
    0.00038055135519243777,
    3.119312452781742e-07,
    0.0106971962377429,
    2.171979218701381e-07,
    6.312205869107856e-08,
    0.00048167139175347984,
    3.1557374313706532e-06,
    4.2760650131867806e-08,
    0.0005719323526136577,
    5.112987128086388e-05,
    1.1646518942143302e-05,
    4.332318712840788e-05,
    1.3826381817239053e-08,
    0.0031150751747190952,
    0.00016058476467151195,
    1.5575693623759435e-06,
    5.238517246652918e-07,
    0.006113929208368063,
    0.0004307737690396607,
    4.318475112086162e-05,
    5.427129508461803e-05,
    0.00022755128156859428,
    7.2350408117927145e-06,
    0.00015948756481520832,
    3.3296200285803934e-07,
    0.00015616447490174323,
    3.42507284756266e-08,
    0.00015532544057350606,
    5.388514182413928e-06,
    3.537614929882693e-07,
    0.0007262769504450262,
    0.00717570586130023,
    0.00015101174358278513,
    0.0005664256168529391,
    3.9221589531734935e-07,
    3.144222773698857e-06,
    7.188746309338967e-08,
    6.93838665029034e-05,
    0.0004666126624215394,
    4.491383265303739e-08,
    1.06004790723091e-06,
    0.00010224428842775524,
    0.00011251796240685508,
    1.5834031046324526e-06,
    3.4541608329163864e-05,
    0.9998787641525269,
    7.95511880369304e-07,
    0.0002251124387839809,
    0.00014600968279410154,
    0.9986417889595032,
    0.9984130859375,
    5.790169325337047e-06,
    5.5484913900727406e-05,
    7.82620475092699e-08,
    8.814810826152097e-06,
    0.9993021488189697,
    5.703448664462485e-07,
    1.1300720871076919e-05,
    4.334401455707848e-05,
    3.4279108263035596e-07,
    7.792315591359511e-05,
    5.753084406023845e-05,
    3.806734639510978e-06,
    4.254727900843136e-05,
    0.011133034713566303,
    1.6127924027387053e-06,
    1.9605644411058165e-05,
    7.985617855865712e-08
  ],
  "true_label": [
    0,
    0,
    0,
    0,
    0,
    0,
    0,
    0,
    0,
    1,
    0,
    0,
    0,
    0,
    0,
    0,
    0,
    0,
    0,
    0,
    0,
    0,
    0,
    0,
    0,
    0,
    0,
    0,
    0,
    0,
    0,
    0,
    0,
    0,
    0,
    0,
    0,
    0,
    0,
    0,
    0,
    0,
    0,
    0,
    0,
    0,
    0,
    0,
    0,
    0,
    0,
    0,
    0,
    0,
    0,
    0,
    0,
    0,
    0,
    0,
    0,
    0,
    0,
    0,
    0,
    0,
    0,
    0,
    0,
    0,
    0,
    0,
    0,
    0,
    0,
    0,
    0,
    1,
    0,
    0,
    0,
    1,
    1,
    0,
    0,
    0,
    0,
    1,
    0,
    0,
    0,
    0,
    0,
    0,
    0,
    0,
    0,
    0,
    0,
    0
  ],
  "predicted_label": [
    0,
    0,
    0,
    0,
    0,
    0,
    0,
    0,
    0,
    1,
    0,
    0,
    0,
    0,
    0,
    0,
    0,
    0,
    0,
    0,
    0,
    0,
    0,
    0,
    0,
    0,
    0,
    0,
    0,
    0,
    0,
    0,
    0,
    0,
    0,
    0,
    0,
    0,
    0,
    0,
    0,
    0,
    0,
    0,
    0,
    0,
    0,
    0,
    0,
    0,
    0,
    0,
    0,
    0,
    0,
    0,
    0,
    0,
    0,
    0,
    0,
    0,
    0,
    0,
    0,
    0,
    0,
    0,
    0,
    0,
    0,
    0,
    0,
    0,
    0,
    0,
    0,
    1,
    0,
    0,
    0,
    1,
    1,
    0,
    0,
    0,
    0,
    1,
    0,
    0,
    0,
    0,
    0,
    0,
    0,
    0,
    0,
    0,
    0,
    0
  ]
}