{
  "node_id": [
    0,
    1,
    2,
    3,
    4,
    5,
    6,
    7,
    8,
    9,
    10,
    11,
    12,
    13,
    14,
    15,
    16,
    17,
    18,
    19,
    20,
    21,
    22,
    23,
    24,
    25,
    26,
    27,
    28,
    29,
    30,
    31,
    32,
    33,
    34,
    35,
    36,
    37,
    38,
    39,
    40,
    41,
    42,
    43,
    44,
    45,
    46,
    47,
    48,
    49,
    50,
    51,
    52,
    53,
    54,
    55,
    56,
    57,
    58,
    59,
    60,
    61,
    62,
    63,
    64,
    65,
    66,
    67,
    68,
    69,
    70,
    71,
    72,
    73,
    74,
    75,
    76,
    77,
    78,
    79,
    80,
    81,
    82,
    83,
    84,
    85,
    86,
    87,
    88,
    89,
    90,
    91,
    92,
    93,
    94,
    95,
    96,
    97,
    98,
    99
  ],
  "fraud_probability": [
    0.00834247749298811,
    0.0019334398675709963,
    0.002792886458337307,
    1.1291865121165756e-05,
    0.0005030411412008107,
    0.00035823413054458797,
    0.00045295144082047045,
    0.00021993191330693662,
    1.2066067256455426e-07,
    0.9883483052253723,
    5.881536253582453e-06,
    2.6403093215776607e-05,
    2.0096376829314977e-07,
    0.00025589572032913566,
    8.663591870572418e-07,
    3.936789289582521e-05,
    0.0036026013549417257,
    1.4879590253258357e-06,
    0.004279827233403921,
    0.004498069174587727,
    0.00014178571291267872,
    6.847716576885432e-05,
    1.3396019085121225e-06,
    1.2459443496481981e-05,
    4.7661505959695205e-05,
    0.020033812150359154,
    2.419744760118192e-06,
    1.2324818499109824e-08,
    5.9771802625618875e-05,
    1.1035655916202813e-05,
    6.031924203853123e-05,
    0.002055450575426221,
    0.00012323632836341858,
    2.0525797594928008e-07,
    0.008655243553221226,
    1.633979707094113e-07,
    1.0266608008180356e-08,
    0.018708836287260056,
    2.5136828298855107e-06,
    3.3176814184798786e-08,
    0.002859477885067463,
    3.70021325579728e-06,
    7.418225868605077e-05,
    0.00017728828242979944,
    6.349166881136625e-08,
    0.010217869654297829,
    0.0004312357632443309,
    1.3481542282534065e-06,
    7.416739666865624e-09,
    0.007281345780938864,
    0.000870916701387614,
    6.367707828758284e-05,
    0.0064611476846039295,
    0.00016271136701107025,
    8.670729584991932e-06,
    0.00011432300379965454,
    6.50470326490904e-07,
    0.00023043017426971346,
    1.1894037754700548e-08,
    1.4438273865380324e-05,
    4.049466497235699e-06,
    1.522487593774713e-07,
    0.002633048687130213,
    0.026233801618218422,
    0.0001996208739001304,
    0.003167930291965604,
    6.908274485795118e-08,
    3.6051907954970375e-05,
    4.9516824418560645e-08,
    4.0526443626731634e-05,
    0.004198949318379164,
    8.909190718497939e-09,
    3.584837713788147e-06,
    0.00030467065516859293,
    9.724458504933864e-05,
    7.431509061461838e-07,
    0.007664556615054607,
    0.9988155364990234,
    4.0571453041593486e-07,
    0.0003645378747023642,
    0.0002822204551193863,
    0.9952951073646545,
    0.9999098777770996,
    1.681032244960079e-06,
    7.051153079373762e-05,
    2.3438937457598286e-09,
    2.2301419448922388e-05,
    0.9995180368423462,
    6.841452886874322e-06,
    1.02453748240805e-06,
    5.141984365764074e-05,
    4.186651381132833e-07,
    0.00012971306568942964,
    0.00010408880189061165,
    0.00031865027267485857,
    7.725020259385929e-05,
    0.031292930245399475,
    2.000651193156955e-06,
    2.2835354684502818e-05,
    2.3629766587873746e-08
  ],
  "true_label": [
    0,
    0,
    0,
    0,
    0,
    0,
    0,
    0,
    0,
    1,
    0,
    0,
    0,
    0,
    0,
    0,
    0,
    0,
    0,
    0,
    0,
    0,
    0,
    0,
    0,
    0,
    0,
    0,
    0,
    0,
    0,
    0,
    0,
    0,
    0,
    0,
    0,
    0,
    0,
    0,
    0,
    0,
    0,
    0,
    0,
    0,
    0,
    0,
    0,
    0,
    0,
    0,
    0,
    0,
    0,
    0,
    0,
    0,
    0,
    0,
    0,
    0,
    0,
    0,
    0,
    0,
    0,
    0,
    0,
    0,
    0,
    0,
    0,
    0,
    0,
    0,
    0,
    1,
    0,
    0,
    0,
    1,
    1,
    0,
    0,
    0,
    0,
    1,
    0,
    0,
    0,
    0,
    0,
    0,
    0,
    0,
    0,
    0,
    0,
    0
  ],
  "predicted_label": [
    0,
    0,
    0,
    0,
    0,
    0,
    0,
    0,
    0,
    1,
    0,
    0,
    0,
    0,
    0,
    0,
    0,
    0,
    0,
    0,
    0,
    0,
    0,
    0,
    0,
    0,
    0,
    0,
    0,
    0,
    0,
    0,
    0,
    0,
    0,
    0,
    0,
    0,
    0,
    0,
    0,
    0,
    0,
    0,
    0,
    0,
    0,
    0,
    0,
    0,
    0,
    0,
    0,
    0,
    0,
    0,
    0,
    0,
    0,
    0,
    0,
    0,
    0,
    0,
    0,
    0,
    0,
    0,
    0,
    0,
    0,
    0,
    0,
    0,
    0,
    0,
    0,
    1,
    0,
    0,
    0,
    1,
    1,
    0,
    0,
    0,
    0,
    1,
    0,
    0,
    0,
    0,
    0,
    0,
    0,
    0,
    0,
    0,
    0,
    0
  ]
}