{
  "node_id": [
    0,
    1,
    2,
    3,
    4,
    5,
    6,
    7,
    8,
    9,
    10,
    11,
    12,
    13,
    14,
    15,
    16,
    17,
    18,
    19,
    20,
    21,
    22,
    23,
    24,
    25,
    26,
    27,
    28,
    29,
    30,
    31,
    32,
    33,
    34,
    35,
    36,
    37,
    38,
    39,
    40,
    41,
    42,
    43,
    44,
    45,
    46,
    47,
    48,
    49,
    50,
    51,
    52,
    53,
    54,
    55,
    56,
    57,
    58,
    59,
    60,
    61,
    62,
    63,
    64,
    65,
    66,
    67,
    68,
    69,
    70,
    71,
    72,
    73,
    74,
    75,
    76,
    77,
    78,
    79,
    80,
    81,
    82,
    83,
    84,
    85,
    86,
    87,
    88,
    89,
    90,
    91,
    92,
    93,
    94,
    95,
    96,
    97,
    98,
    99
  ],
  "fraud_probability": [
    0.0005772468284703791,
    0.0006263891118578613,
    0.0016883998177945614,
    1.914632093757973e-06,
    0.0003167258109897375,
    0.00019679497927427292,
    7.563325198134407e-05,
    7.396961882477626e-05,
    4.177543999617228e-08,
    0.9983624815940857,
    8.192395739570202e-08,
    2.904276698245667e-05,
    3.898292959547689e-07,
    1.3534043318941258e-05,
    8.613194069084784e-08,
    2.172437234548852e-05,
    0.0005752969300374389,
    1.0025484016296105e-06,
    0.002101688412949443,
    0.004434496629983187,
    3.717791332746856e-05,
    2.16688567888923e-05,
    1.4783635151616181e-06,
    7.1809899964137e-06,
    3.0675422749482095e-05,
    0.007639056537300348,
    2.8554609343700577e-06,
    1.1333599836405028e-08,
    2.5288152755820192e-05,
    2.70749274022819e-06,
    1.6417960068793036e-05,
    0.00010211906919721514,
    7.221974374260753e-05,
    5.523155550690717e-07,
    0.007080762647092342,
    7.858405481897535e-09,
    1.3585204960975261e-08,
    0.0008972001960501075,
    1.1777810868807137e-06,
    4.9009994285142966e-08,
    0.0005567536572925746,
    3.692773020702589e-07,
    3.8044356188038364e-05,
    2.1825773728778586e-05,
    2.211498717485938e-08,
    0.0022650768514722586,
    0.0002692057460080832,
    1.709174625830201e-06,
    9.339281348275108e-09,
    0.007991736754775047,
    0.00045760610373690724,
    1.830864312069025e-05,
    0.0008315771701745689,
    3.807822213275358e-05,
    5.972618509986205e-06,
    0.00011025067942682654,
    4.97176188218873e-07,
    0.00024775502970442176,
    5.131194358298785e-10,
    6.2243266256700736e-06,
    4.3908337943321385e-07,
    1.4203702214388159e-08,
    0.0010509914718568325,
    0.01581590808928013,
    6.05977293162141e-05,
    0.00141482288017869,
    1.9448702204272195e-08,
    3.7954050640109926e-05,
    1.7263193541339206e-08,
    1.4415585610549897e-05,
    0.0013115218607708812,
    5.218855569921743e-09,
    8.511171358804859e-07,
    1.8005757738137618e-05,
    4.300330692785792e-05,
    6.242561880753783e-07,
    0.0006586945382878184,
    0.9997773766517639,
    9.116892556448875e-07,
    0.00017317447054665536,
    7.520824146922678e-05,
    0.9984026551246643,
    0.999619722366333,
    8.933869111160675e-08,
    5.2442512242123485e-05,
    5.09993269837139e-10,
    5.604258603852941e-06,
    0.9990622401237488,
    9.912223504215945e-06,
    8.316912953887368e-07,
    1.0313905477232765e-05,
    4.743138504181843e-07,
    0.00010258642578264698,
    0.00020496272190939635,
    8.380357030546293e-06,
    4.95408930873964e-05,
    0.004163357894867659,
    1.1658270295811235e-06,
    3.471999889370636e-06,
    4.846238965683369e-08
  ],
  "true_label": [
    0,
    0,
    0,
    0,
    0,
    0,
    0,
    0,
    0,
    1,
    0,
    0,
    0,
    0,
    0,
    0,
    0,
    0,
    0,
    0,
    0,
    0,
    0,
    0,
    0,
    0,
    0,
    0,
    0,
    0,
    0,
    0,
    0,
    0,
    0,
    0,
    0,
    0,
    0,
    0,
    0,
    0,
    0,
    0,
    0,
    0,
    0,
    0,
    0,
    0,
    0,
    0,
    0,
    0,
    0,
    0,
    0,
    0,
    0,
    0,
    0,
    0,
    0,
    0,
    0,
    0,
    0,
    0,
    0,
    0,
    0,
    0,
    0,
    0,
    0,
    0,
    0,
    1,
    0,
    0,
    0,
    1,
    1,
    0,
    0,
    0,
    0,
    1,
    0,
    0,
    0,
    0,
    0,
    0,
    0,
    0,
    0,
    0,
    0,
    0
  ],
  "predicted_label": [
    0,
    0,
    0,
    0,
    0,
    0,
    0,
    0,
    0,
    1,
    0,
    0,
    0,
    0,
    0,
    0,
    0,
    0,
    0,
    0,
    0,
    0,
    0,
    0,
    0,
    0,
    0,
    0,
    0,
    0,
    0,
    0,
    0,
    0,
    0,
    0,
    0,
    0,
    0,
    0,
    0,
    0,
    0,
    0,
    0,
    0,
    0,
    0,
    0,
    0,
    0,
    0,
    0,
    0,
    0,
    0,
    0,
    0,
    0,
    0,
    0,
    0,
    0,
    0,
    0,
    0,
    0,
    0,
    0,
    0,
    0,
    0,
    0,
    0,
    0,
    0,
    0,
    1,
    0,
    0,
    0,
    1,
    1,
    0,
    0,
    0,
    0,
    1,
    0,
    0,
    0,
    0,
    0,
    0,
    0,
    0,
    0,
    0,
    0,
    0
  ]
}