{
  "node_id": [
    0,
    1,
    2,
    3,
    4,
    5,
    6,
    7,
    8,
    9,
    10,
    11,
    12,
    13,
    14,
    15,
    16,
    17,
    18,
    19,
    20,
    21,
    22,
    23,
    24,
    25,
    26,
    27,
    28,
    29,
    30,
    31,
    32,
    33,
    34,
    35,
    36,
    37,
    38,
    39,
    40,
    41,
    42,
    43,
    44,
    45,
    46,
    47,
    48,
    49,
    50,
    51,
    52,
    53,
    54,
    55,
    56,
    57,
    58,
    59,
    60,
    61,
    62,
    63,
    64,
    65,
    66,
    67,
    68,
    69,
    70,
    71,
    72,
    73,
    74,
    75,
    76,
    77,
    78,
    79,
    80,
    81,
    82,
    83,
    84,
    85,
    86,
    87,
    88,
    89,
    90,
    91,
    92,
    93,
    94,
    95,
    96,
    97,
    98,
    99
  ],
  "fraud_probability": [
    0.008309794589877129,
    0.0006690569571219385,
    0.0021323272958397865,
    1.2718694506475003e-06,
    0.0005472729681059718,
    0.0002770840364973992,
    0.0004782293690368533,
    7.652450585737824e-05,
    8.60309341987886e-07,
    0.9978553652763367,
    1.0168563449042267e-06,
    4.385975262266584e-05,
    3.291078428446781e-06,
    0.00013509290874935687,
    2.756379728907632e-07,
    0.00011189805809408426,
    0.0029137786477804184,
    2.9371062737482134e-06,
    0.015737902373075485,
    0.019910411909222603,
    2.603468601591885e-05,
    8.15878011053428e-05,
    1.3977662092656828e-05,
    0.00011669350351439789,
    7.617616938659921e-05,
    0.009456795640289783,
    1.5108340448932722e-05,
    7.662133043595531e-07,
    5.665787466568872e-05,
    1.7064474377548322e-05,
    0.00020577944815158844,
    0.0003459945146460086,
    0.00016780418809503317,
    2.170771040255204e-06,
    0.014243782497942448,
    4.972864431351809e-08,
    3.5508173823473044e-07,
    0.003391173668205738,
    1.8014809029409662e-05,
    4.2508381170591747e-07,
    0.001419193111360073,
    8.125267072500719e-07,
    0.00030770309967920184,
    3.4968277759617195e-05,
    8.122764256768278e-07,
    0.012480845674872398,
    0.0001834192662499845,
    9.728200893732719e-06,
    8.577533208153909e-07,
    0.03823099657893181,
    0.0014953543432056904,
    0.00024714122992008924,
    0.0020672488026320934,
    0.00025470927357673645,
    0.0008063724380917847,
    0.0005332948639988899,
    4.045251444040332e-06,
    0.00016810371016617864,
    1.3305327506429876e-08,
    4.688420449383557e-05,
    2.807533974191756e-06,
    2.4641809659442515e-07,
    0.005482681095600128,
    0.06743094325065613,
    0.0004174047790002078,
    0.0027555273845791817,
    9.224298196386371e-07,
    0.000843103276565671,
    5.185373197491572e-07,
    5.819917714688927e-05,
    0.002228420926257968,
    1.5472156178475416e-07,
    4.049034032505006e-06,
    0.0001076529806596227,
    0.00023134396178647876,
    1.0455316441948526e-05,
    0.0009650393039919436,
    0.9997841715812683,
    6.682728781015612e-06,
    0.0007298768032342196,
    0.0003339785907883197,
    0.9988559484481812,
    0.9996434450149536,
    3.2566038044024026e-06,
    1.858859286585357e-05,
    7.2233921066811035e-09,
    4.298055137041956e-05,
    0.999458372592926,
    1.5484660252695903e-05,
    2.532139433242264e-06,
    1.2846064237237442e-05,
    4.3469401589391055e-07,
    0.0003151683195028454,
    0.00024562381440773606,
    2.887135633500293e-05,
    0.00018913626263383776,
    0.019818460568785667,
    5.975911790301325e-06,
    1.0364913578086998e-05,
    1.5477609167646733e-06
  ],
  "true_label": [
    0,
    0,
    0,
    0,
    0,
    0,
    0,
    0,
    0,
    1,
    0,
    0,
    0,
    0,
    0,
    0,
    0,
    0,
    0,
    0,
    0,
    0,
    0,
    0,
    0,
    0,
    0,
    0,
    0,
    0,
    0,
    0,
    0,
    0,
    0,
    0,
    0,
    0,
    0,
    0,
    0,
    0,
    0,
    0,
    0,
    0,
    0,
    0,
    0,
    0,
    0,
    0,
    0,
    0,
    0,
    0,
    0,
    0,
    0,
    0,
    0,
    0,
    0,
    0,
    0,
    0,
    0,
    0,
    0,
    0,
    0,
    0,
    0,
    0,
    0,
    0,
    0,
    1,
    0,
    0,
    0,
    1,
    1,
    0,
    0,
    0,
    0,
    1,
    0,
    0,
    0,
    0,
    0,
    0,
    0,
    0,
    0,
    0,
    0,
    0
  ],
  "predicted_label": [
    0,
    0,
    0,
    0,
    0,
    0,
    0,
    0,
    0,
    1,
    0,
    0,
    0,
    0,
    0,
    0,
    0,
    0,
    0,
    0,
    0,
    0,
    0,
    0,
    0,
    0,
    0,
    0,
    0,
    0,
    0,
    0,
    0,
    0,
    0,
    0,
    0,
    0,
    0,
    0,
    0,
    0,
    0,
    0,
    0,
    0,
    0,
    0,
    0,
    0,
    0,
    0,
    0,
    0,
    0,
    0,
    0,
    0,
    0,
    0,
    0,
    0,
    0,
    0,
    0,
    0,
    0,
    0,
    0,
    0,
    0,
    0,
    0,
    0,
    0,
    0,
    0,
    1,
    0,
    0,
    0,
    1,
    1,
    0,
    0,
    0,
    0,
    1,
    0,
    0,
    0,
    0,
    0,
    0,
    0,
    0,
    0,
    0,
    0,
    0
  ]
}