{
  "node_id": [
    0,
    1,
    2,
    3,
    4,
    5,
    6,
    7,
    8,
    9,
    10,
    11,
    12,
    13,
    14,
    15,
    16,
    17,
    18,
    19,
    20,
    21,
    22,
    23,
    24,
    25,
    26,
    27,
    28,
    29,
    30,
    31,
    32,
    33,
    34,
    35,
    36,
    37,
    38,
    39,
    40,
    41,
    42,
    43,
    44,
    45,
    46,
    47,
    48,
    49,
    50,
    51,
    52,
    53,
    54,
    55,
    56,
    57,
    58,
    59,
    60,
    61,
    62,
    63,
    64,
    65,
    66,
    67,
    68,
    69,
    70,
    71,
    72,
    73,
    74,
    75,
    76,
    77,
    78,
    79,
    80,
    81,
    82,
    83,
    84,
    85,
    86,
    87,
    88,
    89,
    90,
    91,
    92,
    93,
    94,
    95,
    96,
    97,
    98,
    99
  ],
  "fraud_probability": [
    0.0023352759890258312,
    0.0004427082894835621,
    0.0032105271238833666,
    3.864160589728272e-06,
    0.00023924755805637687,
    7.440338958986104e-05,
    3.014590220118407e-06,
    0.00011754011939046904,
    7.136027591059246e-08,
    0.9815583825111389,
    2.1917966819273715e-07,
    2.2399275621864945e-05,
    7.439337537107349e-07,
    0.000244965311139822,
    1.5399544750493988e-08,
    2.016822327277623e-05,
    0.0006899305153638124,
    7.110281785571715e-08,
    0.006733396090567112,
    0.0032666027545928955,
    2.510646118025761e-05,
    2.8764256057911552e-05,
    4.338319740782026e-06,
    1.0493929494259646e-06,
    6.260352529352531e-05,
    0.0073907822370529175,
    5.016152044845512e-06,
    2.4249526830999457e-09,
    0.0003561904886737466,
    1.1970034393016249e-05,
    1.9074832380283624e-05,
    0.00040076265577226877,
    0.00038168716127984226,
    8.713307124708081e-07,
    0.0049455901607871056,
    1.728517986521183e-07,
    8.361906722598178e-10,
    0.025808408856391907,
    3.846879280899884e-06,
    1.314395348117614e-07,
    0.0007253812509588897,
    1.628829835453871e-07,
    2.5538094632793218e-05,
    1.4060701687412802e-05,
    1.8239445509493635e-08,
    0.0019751868676394224,
    0.00012812204658985138,
    3.0994492590252776e-06,
    2.7218856057942276e-09,
    0.019689368084073067,
    0.000801623915322125,
    3.8178364775376394e-05,
    0.0008402420789934695,
    4.389758032630198e-05,
    6.800552796448756e-07,
    2.2517931938637048e-05,
    1.6600934031885117e-06,
    0.0002181223826482892,
    1.3196994608222212e-09,
    3.818163895630278e-05,
    1.1520069165271707e-05,
    3.677448390249083e-08,
    0.0028284869622439146,
    0.0481346994638443,
    4.2804331314982846e-05,
    0.0003071524843107909,
    1.2533957871596613e-08,
    1.1147397344757337e-05,
    4.676486042853867e-08,
    2.3479769879486412e-05,
    0.004858639556914568,
    1.4276050341877067e-09,
    1.2678113989750273e-06,
    7.772669778205454e-05,
    9.49009190662764e-05,
    1.0125925200554775e-06,
    0.0016194499330595136,
    0.9988603591918945,
    1.1183360584254842e-06,
    0.00011624897888395935,
    0.00019630781025625765,
    0.9978407621383667,
    0.9998732805252075,
    4.661000474470711e-08,
    0.00011328177060931921,
    1.0091542046453128e-09,
    3.0219462132663466e-05,
    0.9993863105773926,
    1.0730749636422843e-05,
    7.129806931516214e-07,
    2.160179974453058e-05,
    5.336756316864921e-07,
    0.0001515598560217768,
    8.00330308265984e-05,
    3.420338543946855e-05,
    7.282553997356445e-05,
    0.007101317401975393,
    6.282706181082176e-06,
    4.737783910968574e-06,
    2.4891594563314356e-08
  ],
  "true_label": [
    0,
    0,
    0,
    0,
    0,
    0,
    0,
    0,
    0,
    1,
    0,
    0,
    0,
    0,
    0,
    0,
    0,
    0,
    0,
    0,
    0,
    0,
    0,
    0,
    0,
    0,
    0,
    0,
    0,
    0,
    0,
    0,
    0,
    0,
    0,
    0,
    0,
    0,
    0,
    0,
    0,
    0,
    0,
    0,
    0,
    0,
    0,
    0,
    0,
    0,
    0,
    0,
    0,
    0,
    0,
    0,
    0,
    0,
    0,
    0,
    0,
    0,
    0,
    0,
    0,
    0,
    0,
    0,
    0,
    0,
    0,
    0,
    0,
    0,
    0,
    0,
    0,
    1,
    0,
    0,
    0,
    1,
    1,
    0,
    0,
    0,
    0,
    1,
    0,
    0,
    0,
    0,
    0,
    0,
    0,
    0,
    0,
    0,
    0,
    0
  ],
  "predicted_label": [
    0,
    0,
    0,
    0,
    0,
    0,
    0,
    0,
    0,
    1,
    0,
    0,
    0,
    0,
    0,
    0,
    0,
    0,
    0,
    0,
    0,
    0,
    0,
    0,
    0,
    0,
    0,
    0,
    0,
    0,
    0,
    0,
    0,
    0,
    0,
    0,
    0,
    0,
    0,
    0,
    0,
    0,
    0,
    0,
    0,
    0,
    0,
    0,
    0,
    0,
    0,
    0,
    0,
    0,
    0,
    0,
    0,
    0,
    0,
    0,
    0,
    0,
    0,
    0,
    0,
    0,
    0,
    0,
    0,
    0,
    0,
    0,
    0,
    0,
    0,
    0,
    0,
    1,
    0,
    0,
    0,
    1,
    1,
    0,
    0,
    0,
    0,
    1,
    0,
    0,
    0,
    0,
    0,
    0,
    0,
    0,
    0,
    0,
    0,
    0
  ]
}